{"TrainMAE": 1.7639933545087807, "round": 4, "_timestamp": 1673688024.501421, "_runtime": 257.46345591545105, "_step": 19, "TrainMSLE": 0.2560154656746909, "TestMAE": 1.7757185584222595, "TestMSLE": 0.25572374850635615, "_wandb": {"runtime": 255}}