{"TrainMAE": 2.628994566202164, "round": 4, "_timestamp": 1673798603.145443, "_runtime": 108.40097308158875, "_step": 20, "TrainMSLE": 0.8546310395002366, "TestMAE": 2.6280633389949797, "TestMSLE": 0.8533407330513001, "final_test_MAE": 2.9773293082247076, "final_test_MAPE": 0.6825568276582304, "final_test_MSE": 26.74778179778266, "final_test_MSLE": 0.9821132863919759, "final_test_R_sq": -0.5956902823093391, "_wandb": {"runtime": 106}}