{"TrainMAE": 1.6244593781929175, "round": 14, "_timestamp": 1673645762.822874, "_runtime": 280.2277600765228, "_step": 59, "TrainMSLE": 0.23282304258706885, "TestMAE": 1.632221884615237, "TestMSLE": 0.2340253475130762, "_wandb": {"runtime": 278}}