{"TrainMAE": 1.8620616546274409, "round": 9, "_timestamp": 1673645040.553886, "_runtime": 204.3032078742981, "_step": 11, "TrainMSLE": 0.2616168379839633, "TestMAE": 1.8626769851529308, "TestMSLE": 0.26192122435262, "_wandb": {"runtime": 203}}