{"TrainMAE": 2.698750361800194, "round": 2, "_timestamp": 1673905596.1300921, "_runtime": 100.18064713478088, "_step": 11, "TrainMSLE": 0.9197517004609108, "TestMAE": 2.784226268529892, "TestMSLE": 0.9384767562150955, "_wandb": {"runtime": 103}}