{"TrainMAE": 2.3443887071609497, "round": 4, "_timestamp": 1673900787.611865, "_runtime": 146.97081995010376, "_step": 20, "TrainMSLE": 0.6817458783388137, "TestMAE": 2.363380154967308, "TestMSLE": 0.691409558057785, "final_test_MAE": 2.8244089871337734, "final_test_MAPE": 0.6124919425580919, "final_test_MSE": 25.83871825208369, "final_test_MSLE": 0.8468333694738212, "final_test_R_sq": -0.5379800529988352, "_wandb": {"runtime": 145}}