MAE,MAPE,MSE,MSLE,R_sq
2.838944316528004,0.6332072001047085,25.560991702302132,1.0316021056372884,-0.5713630089176474
