{"TrainMAE": 1.8191786885261536, "round": 1, "_timestamp": 1673799756.423903, "_runtime": 49.123694896698, "_step": 7, "TrainMSLE": 0.3106612958014011, "TestMAE": 1.804473176598549, "TestMSLE": 0.3085149686783552, "_wandb": {"runtime": 49}}