{"TrainMAE": 1.705522879686765, "round": 4, "_timestamp": 1673688610.622209, "_runtime": 463.96627616882324, "_step": 19, "TrainMSLE": 0.2401329628774526, "TestMAE": 1.8159093683106917, "TestMSLE": 0.25833406116503155, "_wandb": {"runtime": 461}}