{"TrainMAE": 2.3340242556730906, "round": 2, "_timestamp": 1673886084.146938, "_runtime": 79.39668202400208, "_step": 11, "TrainMSLE": 0.7236462192734082, "TestMAE": 2.4623981326818467, "TestMSLE": 0.7665671102702618, "_wandb": {"runtime": 85}}