{"TrainMAE": 2.3443887071609497, "round": 4, "_timestamp": 1673900009.164913, "_runtime": 113.46729493141174, "_step": 19, "TrainMSLE": 0.6817458783388137, "TestMAE": 2.363380154967308, "TestMSLE": 0.691409558057785, "_wandb": {"runtime": 138}}