{"TrainMAE": 1.705522879686765, "round": 4, "_timestamp": 1673697767.663904, "_runtime": 460.46899700164795, "_step": 19, "TrainMSLE": 0.2401329628774526, "TestMAE": 1.8159093683106917, "TestMSLE": 0.25833406116503155, "_wandb": {"runtime": 527}}