{"epoch": 0, "train_loss": 1.066416869200573, "valid_loss": 0.7926714352375485, "train_mae": 2.8514375828708394, "valid_mae": 2.7582638257525747, "_timestamp": 1673706390.663479, "_runtime": 124.92056918144226, "_step": 1, "final_test_MAE": 2.7512812135145834, "final_test_MAPE": 0.577076678116297, "final_test_MSE": 25.456813266596843, "final_test_MSLE": 0.7874528366265837, "final_test_R_sq": -0.5056009466682252, "_wandb": {"runtime": 122}}