{"TrainMAE": 1.9991768669287364, "round": 1, "_timestamp": 1673905134.5884202, "_runtime": 71.67204403877258, "_step": 7, "TrainMSLE": 0.48602434240778286, "TestMAE": 2.0553434759378435, "TestMSLE": 0.4998455099761486, "_wandb": {"runtime": 73}}