{"epoch": 0, "train_loss": 1.1220056732701513, "valid_loss": 0.8849144883724074, "train_mae": 2.8794161705155448, "valid_mae": 2.8760168515338798, "_timestamp": 1673705774.1459358, "_runtime": 123.99678087234497, "_step": 1, "final_test_MAE": 2.8687096625259243, "final_test_MAPE": 0.6312512832204091, "final_test_MSE": 26.12839180661231, "final_test_MSLE": 0.8790038409306831, "final_test_R_sq": -0.5586589507007816, "_wandb": {"runtime": 122}}