{"TrainMAE": 2.0123842335542044, "round": 0, "_timestamp": 1673900249.606591, "_runtime": 57.92895007133484, "_step": 3, "TrainMSLE": 0.49573141044378277, "TestMAE": 2.072105786204338, "TestMSLE": 0.5123887892812491, "_wandb": {"runtime": 57}}