{"TrainMAE": 2.3443887071609497, "round": 4, "_timestamp": 1673703429.6141162, "_runtime": 237.19892811775208, "_step": 19, "TrainMSLE": 0.6817458783388137, "TestMAE": 2.363380154967308, "TestMSLE": 0.691409558057785, "_wandb": {"runtime": 273}}