{"epoch": 0, "train_loss": 1.0316021031666296, "valid_loss": 1.0391713541406424, "train_mae": 2.838944316528004, "valid_mae": 3.031157310762554, "_timestamp": 1673783273.954453, "_runtime": 133.53194403648376, "_step": 1, "final_test_MAE": 3.0251697252706156, "final_test_MAPE": 0.7042608470031896, "final_test_MSE": 27.02901738943513, "final_test_MSLE": 1.0340039198546065, "final_test_R_sq": -0.6185066732180823, "_wandb": {"runtime": 131}}