{"TrainMAE": 1.4083966875076295, "round": 4, "_timestamp": 1673698092.122866, "_runtime": 65.4371349811554, "_step": 19, "TrainMSLE": 0.48458297992746036, "TestMAE": 1.2158634343317576, "TestMSLE": 0.3825303494034285, "_wandb": {"runtime": 144}}